id,first_name,last_name,email,address
1,Melissa,Elliott,anna31@ryan-brooks.com,"{""street"": ""5827 Kelly Heights Suite 570"", ""city"": ""Coxtown"", ""state"": ""TN"", ""zip"": ""28591""}"
2,Marcus,Jefferson,raymond20@ayers.com,"{""street"": ""812 Stewart Curve"", ""city"": ""West Johnshire"", ""state"": ""MN"", ""zip"": ""31655""}"
3,Susan,Morrison,annaburton@collins.com,"{""street"": ""1154 Brandon Path"", ""city"": ""North Emily"", ""state"": ""CT"", ""zip"": ""32781""}"
4,Ray,Johnson,garciafrank@barton-nelson.info,"{""street"": ""42967 Kelsey Causeway"", ""city"": ""New Victorshire"", ""state"": ""UT"", ""zip"": ""33464""}"
5,Peter,Jordan,dmiller@yahoo.com,"{""street"": ""9134 Connor Haven"", ""city"": ""Lake Sandra"", ""state"": ""MT"", ""zip"": ""50600""}"
6,Michael,Roth,gpineda@hotmail.com,"{""street"": ""89556 Alexis Forge"", ""city"": ""East Dillonfort"", ""state"": ""SC"", ""zip"": ""79268""}"
7,Amanda,Lewis,barbara40@wilson.com,"{""street"": ""70362 Thomas Roads Apt. 662"", ""city"": ""Ballhaven"", ""state"": ""KY"", ""zip"": ""38740""}"
8,Barbara,Green,thomasstephanie@hotmail.com,"{""street"": ""88973 Kyle Cape Suite 027"", ""city"": ""Port Shelbyburgh"", ""state"": ""AZ"", ""zip"": ""41581""}"
9,Daniel,Reed,melissabrown@hotmail.com,"{""street"": ""1859 Richard Stream Suite 442"", ""city"": ""Hillfurt"", ""state"": ""MO"", ""zip"": ""44965""}"
10,Shawn,King,victor01@chavez-rice.info,"{""street"": ""143 Lance Loop"", ""city"": ""Smithton"", ""state"": ""NY"", ""zip"": ""79091""}"
11,Doris,Sandoval,pgreen@yahoo.com,"{""street"": ""7122 Travis Camp Suite 285"", ""city"": ""Port Lauren"", ""state"": ""MI"", ""zip"": ""70422""}"
12,David,Robertson,clarkvictoria@gmail.com,"{""street"": ""17130 Ray Vista Apt. 315"", ""city"": ""Danielview"", ""state"": ""VT"", ""zip"": ""07808""}"
13,Kelly,Barber,woodsusan@smith.net,"{""street"": ""490 Alejandro Ridge Apt. 474"", ""city"": ""Maryville"", ""state"": ""ID"", ""zip"": ""44049""}"
14,Michelle,Stone,erinellison@gmail.com,"{""street"": ""0926 Jessica Brooks Apt. 370"", ""city"": ""West Aaronmouth"", ""state"": ""MN"", ""zip"": ""57424""}"
15,Maria,Hall,michael20@mahoney.com,"{""street"": ""1510 Brooks Extension Suite 360"", ""city"": ""West Danielland"", ""state"": ""NE"", ""zip"": ""92309""}"
16,Melissa,Thomas,gmiller@morales.com,"{""street"": ""71432 Vicki Coves Apt. 297"", ""city"": ""Port Meganfort"", ""state"": ""PA"", ""zip"": ""54684""}"
17,Melissa,Jones,cole74@hotmail.com,"{""street"": ""979 Lam Mountains"", ""city"": ""Janicechester"", ""state"": ""SC"", ""zip"": ""08594""}"
18,Brandi,Mosley,scottjanice@gmail.com,"{""street"": ""411 Smith Rest"", ""city"": ""Stevenburgh"", ""state"": ""IN"", ""zip"": ""00969""}"
19,Sarah,Watson,lorilittle@wu-bailey.info,"{""street"": ""2118 Ingram Forest Apt. 270"", ""city"": ""Port Danielleton"", ""state"": ""VT"", ""zip"": ""70107""}"
20,Janet,Williams,whobbs@yahoo.com,"{""street"": ""97944 Keith Flats Suite 061"", ""city"": ""Leslieshire"", ""state"": ""MT"", ""zip"": ""38383""}"
21,Elizabeth,Mckinney,jessicapalmer@hotmail.com,"{""street"": ""44755 Gregory Run Apt. 342"", ""city"": ""North Erin"", ""state"": ""MN"", ""zip"": ""68109""}"
22,Thomas,Johnson,vmiddleton@perkins.com,"{""street"": ""62887 Brown Overpass Apt. 548"", ""city"": ""Danielton"", ""state"": ""MS"", ""zip"": ""67021""}"
23,Samuel,Barnes,joshua96@gmail.com,"{""street"": ""41621 Montes Manor Suite 446"", ""city"": ""Danielfurt"", ""state"": ""AR"", ""zip"": ""02904""}"
24,John,Johnson,lmorgan@gmail.com,"{""street"": ""355 Contreras Shore Suite 819"", ""city"": ""Port Veronica"", ""state"": ""AL"", ""zip"": ""82916""}"
25,Timothy,Kelly,cynthia76@hotmail.com,"{""street"": ""944 Bentley Loop Suite 304"", ""city"": ""Lisastad"", ""state"": ""IA"", ""zip"": ""69005""}"
26,Danielle,Wise,richardbeck@yahoo.com,"{""street"": ""8533 Robinson View"", ""city"": ""Kathyshire"", ""state"": ""DC"", ""zip"": ""13697""}"
27,Kristen,Bowen,upeterson@yahoo.com,"{""street"": ""1681 Ryan Crescent Apt. 757"", ""city"": ""Ramosmouth"", ""state"": ""AL"", ""zip"": ""02686""}"
28,Valerie,Miller,mclaughlinrenee@wilson-robbins.com,"{""street"": ""24193 Roger Summit Apt. 504"", ""city"": ""Lake Stephen"", ""state"": ""LA"", ""zip"": ""69326""}"
29,Juan,Rodriguez,mariabrown@smith-hood.org,"{""street"": ""9845 Larson Trail Apt. 908"", ""city"": ""Frazierville"", ""state"": ""UT"", ""zip"": ""36327""}"
30,Katherine,Mcguire,ashleymay@hotmail.com,"{""street"": ""177 David Viaduct Suite 583"", ""city"": ""East Jacquelinechester"", ""state"": ""MN"", ""zip"": ""01963""}"
31,Dwayne,Singleton,parkjames@hotmail.com,"{""street"": ""6810 Martinez Ports Suite 136"", ""city"": ""West Sandrastad"", ""state"": ""FL"", ""zip"": ""71743""}"
32,Natasha,Wyatt,andrewbennett@turner-jones.com,"{""street"": ""9202 Linda Mission"", ""city"": ""North Robert"", ""state"": ""NY"", ""zip"": ""40620""}"
33,Michael,Vasquez,zachary22@evans.org,"{""street"": ""7137 Todd Street Suite 834"", ""city"": ""Lisaside"", ""state"": ""MN"", ""zip"": ""49822""}"
34,Justin,Parker,dennisjackson@moreno.com,"{""street"": ""1905 Graves Camp"", ""city"": ""Carrollton"", ""state"": ""ID"", ""zip"": ""40653""}"
35,Paul,Powell,stevehill@hotmail.com,"{""street"": ""73141 Thomas Unions Suite 121"", ""city"": ""New Natalie"", ""state"": ""TX"", ""zip"": ""23847""}"
36,James,Powell,boydjohn@gmail.com,"{""street"": ""2683 Gordon River"", ""city"": ""North Carolville"", ""state"": ""CT"", ""zip"": ""61613""}"
37,Jacob,Mccall,larry45@newton-cardenas.org,"{""street"": ""21225 Michael Hollow Suite 142"", ""city"": ""Madisontown"", ""state"": ""DC"", ""zip"": ""43108""}"
38,Elizabeth,Lewis,pachecokimberly@gmail.com,"{""street"": ""84137 Abbott Lodge Suite 137"", ""city"": ""Chapmanton"", ""state"": ""OR"", ""zip"": ""41895""}"
39,Tiffany,Beck,alisha51@yahoo.com,"{""street"": ""573 Ramsey Views"", ""city"": ""New Brendamouth"", ""state"": ""WI"", ""zip"": ""71147""}"
40,Melissa,Monroe,monica29@johnson-sharp.com,"{""street"": ""463 Robert Falls Apt. 513"", ""city"": ""New Nataliemouth"", ""state"": ""OK"", ""zip"": ""46332""}"
41,Donald,Wilson,lisamiranda@gmail.com,"{""street"": ""26306 Williams Greens"", ""city"": ""Christianhaven"", ""state"": ""OR"", ""zip"": ""13882""}"
42,Nicholas,Hampton,georgebailey@yahoo.com,"{""street"": ""8933 Lynn Meadows Apt. 857"", ""city"": ""Port John"", ""state"": ""ME"", ""zip"": ""96900""}"
43,Mary,Gibbs,perezmicheal@hotmail.com,"{""street"": ""876 William Cove Suite 249"", ""city"": ""East Nathanmouth"", ""state"": ""IN"", ""zip"": ""93700""}"
44,Sandra,Wyatt,ryan39@gmail.com,"{""street"": ""1330 Reyes Inlet"", ""city"": ""North Josephchester"", ""state"": ""MO"", ""zip"": ""97532""}"
45,Jason,Davis,lisapugh@williams.biz,"{""street"": ""045 Ashley Court Apt. 187"", ""city"": ""West Kevinmouth"", ""state"": ""CA"", ""zip"": ""07840""}"
46,Guy,Fisher,connerdana@gmail.com,"{""street"": ""45164 Smith Gateway"", ""city"": ""Waltersstad"", ""state"": ""LA"", ""zip"": ""04526""}"
47,Michelle,Turner,reynoldsmatthew@hotmail.com,"{""street"": ""923 Cynthia Mission Apt. 253"", ""city"": ""Carlmouth"", ""state"": ""NE"", ""zip"": ""63041""}"
48,Jessica,Williams,hgreene@kim.org,"{""street"": ""6990 Fisher Vista Suite 076"", ""city"": ""North Danielton"", ""state"": ""MA"", ""zip"": ""36306""}"
49,Peter,Moyer,kperry@stevenson-morris.info,"{""street"": ""26511 Powell Run Suite 878"", ""city"": ""New Cynthiaburgh"", ""state"": ""CA"", ""zip"": ""17244""}"
50,Lisa,Garcia,denise39@robinson.info,"{""street"": ""8600 Donna Lodge Suite 911"", ""city"": ""Lake Maria"", ""state"": ""NM"", ""zip"": ""95893""}"
51,Melissa,Valenzuela,sberg@hopkins.com,"{""street"": ""0427 Amber Dam"", ""city"": ""Gonzalezview"", ""state"": ""NM"", ""zip"": ""15869""}"
52,Vickie,Stewart,barneschristina@anderson-porter.com,"{""street"": ""7296 Warren Fort"", ""city"": ""New Michael"", ""state"": ""KS"", ""zip"": ""12645""}"
53,James,Farley,jennifercoleman@moses-turner.biz,"{""street"": ""2158 Brooks Drives Apt. 796"", ""city"": ""New Kim"", ""state"": ""AZ"", ""zip"": ""61549""}"
54,Christopher,Carr,kristen59@hahn.biz,"{""street"": ""6175 Michael Isle"", ""city"": ""Lake Trevor"", ""state"": ""NJ"", ""zip"": ""88313""}"
55,Sharon,Aguilar,jeffreygibbs@gmail.com,"{""street"": ""2282 John Flat"", ""city"": ""West Nancy"", ""state"": ""NV"", ""zip"": ""13157""}"
56,Derek,Wright,posborne@hotmail.com,"{""street"": ""4910 Lauren Field"", ""city"": ""Langhaven"", ""state"": ""KY"", ""zip"": ""05562""}"
57,Kenneth,Thomas,brandonjones@yahoo.com,"{""street"": ""072 Megan Hollow"", ""city"": ""Williamschester"", ""state"": ""MA"", ""zip"": ""89456""}"
58,Sarah,Vazquez,christine15@hotmail.com,"{""street"": ""7632 Michael Passage Apt. 162"", ""city"": ""East Gregorychester"", ""state"": ""WV"", ""zip"": ""92351""}"
59,Derek,Skinner,brendahernandez@yahoo.com,"{""street"": ""7903 Nelson Trafficway"", ""city"": ""Priceville"", ""state"": ""MN"", ""zip"": ""79083""}"
60,Elizabeth,Clarke,john67@allen.net,"{""street"": ""167 Ward Mission"", ""city"": ""Allenmouth"", ""state"": ""IA"", ""zip"": ""47007""}"
61,Alicia,Williams,vphillips@mitchell-melendez.net,"{""street"": ""69589 Benjamin Throughway"", ""city"": ""Michelleland"", ""state"": ""CA"", ""zip"": ""52623""}"
62,Patricia,Scott,andrew10@parker-horn.com,"{""street"": ""293 Nicole Pine Suite 081"", ""city"": ""Marymouth"", ""state"": ""AR"", ""zip"": ""12744""}"
63,Benjamin,Hogan,donaldcarson@gonzalez-ewing.com,"{""street"": ""000 Nicholas Cove Apt. 916"", ""city"": ""West Oliviamouth"", ""state"": ""HI"", ""zip"": ""34748""}"
64,Samuel,Wagner,woodtiffany@gmail.com,"{""street"": ""48666 Sutton Manors"", ""city"": ""Allisonberg"", ""state"": ""CO"", ""zip"": ""97220""}"
65,John,Sanders,zwallace@gmail.com,"{""street"": ""2023 Davis Canyon Suite 929"", ""city"": ""Port Ashleystad"", ""state"": ""VA"", ""zip"": ""65848""}"
66,George,Barron,sarahyork@yahoo.com,"{""street"": ""79130 Richard Ville"", ""city"": ""East Erika"", ""state"": ""AR"", ""zip"": ""01550""}"
67,Jessica,Long,bstone@yahoo.com,"{""street"": ""4692 Amanda Forks"", ""city"": ""North Williamview"", ""state"": ""UT"", ""zip"": ""80515""}"
68,Amber,Webster,rhonda38@dunlap.info,"{""street"": ""342 Patrick Brook Apt. 958"", ""city"": ""Devinland"", ""state"": ""MO"", ""zip"": ""97385""}"
69,David,Stephenson,longmatthew@fields.org,"{""street"": ""6171 Combs Valleys"", ""city"": ""Schwartzshire"", ""state"": ""AK"", ""zip"": ""11678""}"
70,Megan,Hunter,imoore@griffin-mccormick.com,"{""street"": ""1135 Ward Crest"", ""city"": ""Port Lisashire"", ""state"": ""SC"", ""zip"": ""21522""}"
71,Danielle,Miller,ggraham@hotmail.com,"{""street"": ""536 Hunter Flat Suite 693"", ""city"": ""Tammyshire"", ""state"": ""NJ"", ""zip"": ""66819""}"
72,Erika,Taylor,karen27@barr-villa.org,"{""street"": ""338 Chen Groves Apt. 517"", ""city"": ""Josephburgh"", ""state"": ""NY"", ""zip"": ""02879""}"
73,Shawn,Glenn,patrick06@huff.com,"{""street"": ""0365 Dana Village"", ""city"": ""Brandonport"", ""state"": ""WI"", ""zip"": ""15401""}"
74,Kimberly,Gonzalez,shirley81@gmail.com,"{""street"": ""81469 Williams Burg Suite 091"", ""city"": ""Wallacefort"", ""state"": ""GA"", ""zip"": ""62681""}"
75,Mark,Bush,guerrajennifer@hotmail.com,"{""street"": ""6399 Martin Landing Suite 105"", ""city"": ""New Joshuabury"", ""state"": ""TN"", ""zip"": ""90275""}"
76,Micheal,Williams,gregory82@williams.net,"{""street"": ""983 Bowman Run"", ""city"": ""Williamsstad"", ""state"": ""NY"", ""zip"": ""46884""}"
77,Lisa,Heath,jzamora@rodriguez.org,"{""street"": ""481 Derrick Roads Apt. 131"", ""city"": ""Craneland"", ""state"": ""DC"", ""zip"": ""70595""}"
78,Carlos,Calderon,james34@preston.com,"{""street"": ""76500 Drew Creek Apt. 153"", ""city"": ""Amymouth"", ""state"": ""NV"", ""zip"": ""04627""}"
79,Daniel,Hill,martha44@yahoo.com,"{""street"": ""41477 Sampson Corners Suite 680"", ""city"": ""Matthewberg"", ""state"": ""AR"", ""zip"": ""36331""}"
80,Robert,Hess,nancyosborne@russell.org,"{""street"": ""684 Ethan Street Apt. 432"", ""city"": ""Jeremiahland"", ""state"": ""MO"", ""zip"": ""94994""}"
81,Michael,Ortiz,kylerodriguez@monroe.com,"{""street"": ""02914 Ronald Vista Suite 260"", ""city"": ""Port Justinshire"", ""state"": ""SD"", ""zip"": ""60514""}"
82,Tim,Simpson,dominiqueperry@gmail.com,"{""street"": ""551 Michelle Stream"", ""city"": ""Lake Christopher"", ""state"": ""GA"", ""zip"": ""40233""}"
83,Ann,Campbell,michaelbailey@strickland.com,"{""street"": ""25185 Whitney Parks"", ""city"": ""New Edward"", ""state"": ""CO"", ""zip"": ""67014""}"
84,Brenda,Taylor,kathleenlarsen@hotmail.com,"{""street"": ""3537 Diaz Hills Apt. 260"", ""city"": ""Wilsonborough"", ""state"": ""MI"", ""zip"": ""53414""}"
85,Melanie,Jenkins,maria73@yahoo.com,"{""street"": ""202 Benjamin Heights Apt. 264"", ""city"": ""Lake Brenda"", ""state"": ""TN"", ""zip"": ""77678""}"
86,Joel,Lee,justin12@gmail.com,"{""street"": ""90739 Robert Knoll Suite 460"", ""city"": ""Lake Maryhaven"", ""state"": ""MO"", ""zip"": ""79888""}"
87,Kimberly,Dunn,bryantjames@smith.net,"{""street"": ""40498 Stout Bridge"", ""city"": ""Jimenezport"", ""state"": ""IA"", ""zip"": ""20388""}"
88,Brandi,Pacheco,gillsean@gmail.com,"{""street"": ""61315 Paula Parkways"", ""city"": ""Englishstad"", ""state"": ""HI"", ""zip"": ""64684""}"
89,Ashlee,Dorsey,whiteian@doyle.biz,"{""street"": ""54058 Wang Stravenue Suite 791"", ""city"": ""Robertston"", ""state"": ""MD"", ""zip"": ""44459""}"
90,Elizabeth,Delacruz,rachel27@garcia-barrett.info,"{""street"": ""473 Thompson Mountain Apt. 545"", ""city"": ""Kimberlybury"", ""state"": ""CT"", ""zip"": ""71423""}"
91,Taylor,Carter,richardsvictoria@lucas.com,"{""street"": ""5474 Kimberly Junctions Apt. 555"", ""city"": ""South Stephanie"", ""state"": ""CA"", ""zip"": ""94896""}"
92,Donald,Mayer,ysalas@hotmail.com,"{""street"": ""1004 Andrea Trafficway Apt. 902"", ""city"": ""Andremouth"", ""state"": ""SD"", ""zip"": ""76194""}"
93,Allen,Dixon,whitesavannah@perry.org,"{""street"": ""886 Brown Shoals Apt. 458"", ""city"": ""Lake Jessechester"", ""state"": ""ND"", ""zip"": ""62547""}"
94,Jenna,Sanders,twolfe@huang-brown.com,"{""street"": ""719 Jasmine Route Suite 308"", ""city"": ""Marquezfurt"", ""state"": ""NJ"", ""zip"": ""21759""}"
95,Jeremy,Olson,froth@gmail.com,"{""street"": ""83413 Gaines Haven"", ""city"": ""Perryland"", ""state"": ""MI"", ""zip"": ""51232""}"
96,Justin,Williams,jturner@hotmail.com,"{""street"": ""9634 Williamson Square"", ""city"": ""New Aaronstad"", ""state"": ""ME"", ""zip"": ""02799""}"
97,Margaret,Reynolds,samuel94@yahoo.com,"{""street"": ""89982 Patel Isle Apt. 013"", ""city"": ""South Aaronstad"", ""state"": ""AZ"", ""zip"": ""66722""}"
98,Christopher,Pennington,nelsonpaul@yahoo.com,"{""street"": ""2078 John Greens Suite 088"", ""city"": ""New Alexandra"", ""state"": ""PA"", ""zip"": ""04175""}"
99,Lindsay,Holt,xtran@townsend-gibson.com,"{""street"": ""9646 Peterson Square"", ""city"": ""Velazqueztown"", ""state"": ""MS"", ""zip"": ""28772""}"
100,Melissa,Garcia,tony59@yahoo.com,"{""street"": ""22608 Bird Summit"", ""city"": ""Reyesside"", ""state"": ""MS"", ""zip"": ""51156""}"
101,Larry,Holmes,kennedythomas@gmail.com,"{""street"": ""709 Rebecca Keys Suite 040"", ""city"": ""Jasonhaven"", ""state"": ""FL"", ""zip"": ""95619""}"
102,Traci,Lee,melissathompson@gmail.com,"{""street"": ""88605 Michael Haven"", ""city"": ""Hodgefort"", ""state"": ""GA"", ""zip"": ""92190""}"
103,Brian,Lambert,aedwards@grimes-jarvis.net,"{""street"": ""77517 Karen Heights Apt. 257"", ""city"": ""Espinozahaven"", ""state"": ""CT"", ""zip"": ""32949""}"
104,Amber,Arnold,davidtorres@gmail.com,"{""street"": ""147 Molly Well Apt. 523"", ""city"": ""New Shari"", ""state"": ""FL"", ""zip"": ""67899""}"
105,Kenneth,Martinez,palmercolleen@edwards-wong.info,"{""street"": ""188 Trevino Shores"", ""city"": ""East Brian"", ""state"": ""PA"", ""zip"": ""03667""}"
106,Savannah,Poole,fmendoza@hotmail.com,"{""street"": ""783 Wang Dam"", ""city"": ""Thomasfurt"", ""state"": ""NH"", ""zip"": ""58329""}"
107,Tara,Ortega,wardjoshua@yahoo.com,"{""street"": ""71836 Robbins Summit"", ""city"": ""West Jessicaburgh"", ""state"": ""NE"", ""zip"": ""07105""}"
108,John,Brown,melaniemiller@young.info,"{""street"": ""44060 Glenda Roads"", ""city"": ""North Aaron"", ""state"": ""IL"", ""zip"": ""94287""}"
109,Ryan,Pope,smithkaren@hotmail.com,"{""street"": ""2676 Rebecca Inlet"", ""city"": ""Maryton"", ""state"": ""ME"", ""zip"": ""93832""}"
110,Gregory,Soto,cabreraalexander@spencer.net,"{""street"": ""2967 Davis Turnpike"", ""city"": ""South Megan"", ""state"": ""IN"", ""zip"": ""05060""}"
111,John,Bishop,oliviacabrera@reynolds.com,"{""street"": ""56647 Fernandez Isle Suite 416"", ""city"": ""New Rodney"", ""state"": ""WV"", ""zip"": ""69593""}"
112,Miguel,Clark,thomasmanuel@rios.com,"{""street"": ""505 Barnes Camp Apt. 774"", ""city"": ""West Erin"", ""state"": ""OK"", ""zip"": ""32249""}"
113,Erica,Proctor,ashley65@morris-evans.org,"{""street"": ""84036 Johnson Stream"", ""city"": ""Finleystad"", ""state"": ""MO"", ""zip"": ""22194""}"
114,Kara,Ellison,brodriguez@ayala.org,"{""street"": ""44002 Derek Tunnel Suite 188"", ""city"": ""Wheelerborough"", ""state"": ""AL"", ""zip"": ""14588""}"
115,Cameron,Peterson,zrodriguez@hotmail.com,"{""street"": ""708 Payne Branch Apt. 146"", ""city"": ""Moraleschester"", ""state"": ""ID"", ""zip"": ""85656""}"
116,Amanda,Bell,christy15@hotmail.com,"{""street"": ""63836 Graham Crossing Apt. 460"", ""city"": ""West Tinahaven"", ""state"": ""NC"", ""zip"": ""11172""}"
117,Matthew,Rodriguez,briangilbert@manning.com,"{""street"": ""35593 Jonathan View Apt. 268"", ""city"": ""Wallaceside"", ""state"": ""VT"", ""zip"": ""99796""}"
118,Jacob,Torres,andrew14@hotmail.com,"{""street"": ""17266 Calderon Glens Apt. 179"", ""city"": ""South Katherine"", ""state"": ""ID"", ""zip"": ""88311""}"
119,Roger,Graham,nbarnett@gmail.com,"{""street"": ""59239 Turner Extensions"", ""city"": ""Kylefurt"", ""state"": ""IN"", ""zip"": ""52040""}"
120,David,Fox,jennifer51@nunez.com,"{""street"": ""377 Michael Shoal Apt. 940"", ""city"": ""South Annashire"", ""state"": ""IN"", ""zip"": ""75797""}"
121,Daniel,Leach,andrew00@jensen.com,"{""street"": ""041 Edwards Cliffs Suite 097"", ""city"": ""Thomaston"", ""state"": ""AR"", ""zip"": ""87326""}"
122,Nicole,Cox,cassandra95@hotmail.com,"{""street"": ""28659 Kelly Center Suite 636"", ""city"": ""Port Darryl"", ""state"": ""MI"", ""zip"": ""34508""}"
123,Roger,Matthews,jackgonzalez@yahoo.com,"{""street"": ""8651 Ivan Corner Suite 182"", ""city"": ""East Kristinberg"", ""state"": ""DC"", ""zip"": ""86737""}"
124,Sonia,Bailey,michael52@gmail.com,"{""street"": ""168 Stevenson Heights"", ""city"": ""North Jameston"", ""state"": ""IL"", ""zip"": ""39841""}"
125,Eugene,Jordan,reginaldlee@marshall.com,"{""street"": ""2904 Carlson Extensions Suite 924"", ""city"": ""Christineland"", ""state"": ""CA"", ""zip"": ""15125""}"
126,Heather,Butler,gonzalezrose@knight-davis.com,"{""street"": ""000 Smith Parkways Suite 951"", ""city"": ""West Matthew"", ""state"": ""NH"", ""zip"": ""27827""}"
127,Brian,Frazier,kellytucker@hotmail.com,"{""street"": ""106 Evans Motorway"", ""city"": ""South Christopher"", ""state"": ""AZ"", ""zip"": ""56112""}"
128,Cathy,Rogers,parrishrobert@hotmail.com,"{""street"": ""0646 Rivera Stravenue"", ""city"": ""Campbellport"", ""state"": ""MO"", ""zip"": ""14943""}"
129,Carlos,Reyes,hmoore@nelson-osborne.com,"{""street"": ""28843 Lauren Via Apt. 783"", ""city"": ""Lucasfurt"", ""state"": ""AK"", ""zip"": ""39448""}"
130,Sharon,Welch,achandler@gmail.com,"{""street"": ""61113 David Bridge Apt. 238"", ""city"": ""New Jonathanburgh"", ""state"": ""AZ"", ""zip"": ""40474""}"
131,Deborah,Bird,jeremyprice@silva.com,"{""street"": ""96996 Barker Knoll"", ""city"": ""Bethmouth"", ""state"": ""MT"", ""zip"": ""56833""}"
132,Ashley,Lin,william41@yahoo.com,"{""street"": ""9976 Harrison Estates"", ""city"": ""Hesterchester"", ""state"": ""TX"", ""zip"": ""49551""}"
133,David,Newman,drivera@smith.com,"{""street"": ""1677 Johnson Causeway Apt. 429"", ""city"": ""Lake Williestad"", ""state"": ""SD"", ""zip"": ""65525""}"
134,Alicia,Meyers,erichodges@yahoo.com,"{""street"": ""5861 Kelly Ways Suite 807"", ""city"": ""Aprilbury"", ""state"": ""OK"", ""zip"": ""07101""}"
135,Jason,Richardson,aenglish@proctor.com,"{""street"": ""64883 Jennifer Shore"", ""city"": ""Bestbury"", ""state"": ""NV"", ""zip"": ""03689""}"
136,Donna,Cameron,amanda29@bates-smith.com,"{""street"": ""21506 Perez Divide"", ""city"": ""West Dawnton"", ""state"": ""UT"", ""zip"": ""10778""}"
137,Mary,Johnson,jonathan91@wall.org,"{""street"": ""2927 Jones Ports Apt. 381"", ""city"": ""Kellyport"", ""state"": ""LA"", ""zip"": ""52405""}"
138,Michael,Dixon,christopher83@hotmail.com,"{""street"": ""692 Henry Road"", ""city"": ""New Stacey"", ""state"": ""TN"", ""zip"": ""05294""}"
139,Nicholas,Warren,justin84@yahoo.com,"{""street"": ""0306 Smith Well"", ""city"": ""Port Bryce"", ""state"": ""UT"", ""zip"": ""05184""}"
140,John,Miller,kramos@hotmail.com,"{""street"": ""93959 Samantha Landing Apt. 093"", ""city"": ""Port Linda"", ""state"": ""MD"", ""zip"": ""55873""}"
141,Christopher,Wood,ericmiller@gmail.com,"{""street"": ""94079 Perry Fields"", ""city"": ""Port Diane"", ""state"": ""MD"", ""zip"": ""21334""}"
142,Christina,Mclean,anthony12@hotmail.com,"{""street"": ""6136 Eric Mission Suite 141"", ""city"": ""Rochafort"", ""state"": ""SD"", ""zip"": ""80249""}"
143,Cameron,Smith,karenoneill@jones.com,"{""street"": ""80226 Michael Groves Suite 445"", ""city"": ""Douglasstad"", ""state"": ""SD"", ""zip"": ""05904""}"
144,Catherine,Roberts,susan44@gmail.com,"{""street"": ""5929 Barbara Knolls"", ""city"": ""Williamsside"", ""state"": ""SC"", ""zip"": ""10245""}"
145,Hannah,Stewart,alexwilson@wood.com,"{""street"": ""484 Adams Knolls"", ""city"": ""New Ericview"", ""state"": ""WY"", ""zip"": ""76798""}"
146,Joseph,Spencer,rbowen@gmail.com,"{""street"": ""18503 Steven Neck"", ""city"": ""North Toniland"", ""state"": ""TX"", ""zip"": ""56521""}"
147,Frank,Vaughan,jodirivera@hernandez.org,"{""street"": ""40012 Kyle Terrace"", ""city"": ""East Danielborough"", ""state"": ""NC"", ""zip"": ""77767""}"
148,Nathan,Gomez,david12@hotmail.com,"{""street"": ""350 Linda Trail Suite 142"", ""city"": ""New Davidville"", ""state"": ""MA"", ""zip"": ""17590""}"
149,Alejandro,Spears,qsilva@gmail.com,"{""street"": ""247 Terry Burg"", ""city"": ""East Sheilafurt"", ""state"": ""IL"", ""zip"": ""88803""}"
150,Kimberly,Benton,dfrazier@hotmail.com,"{""street"": ""362 Jessica Plaza Apt. 935"", ""city"": ""Brooksstad"", ""state"": ""NH"", ""zip"": ""08808""}"
151,Henry,Daniels,luke24@bush.com,"{""street"": ""158 Jennifer Lights"", ""city"": ""New Molly"", ""state"": ""WA"", ""zip"": ""11064""}"
152,James,Barber,dwilson@evans-lopez.net,"{""street"": ""7664 Eric Plains"", ""city"": ""East Jamesport"", ""state"": ""SD"", ""zip"": ""20598""}"
153,Adam,Gray,foxjustin@hotmail.com,"{""street"": ""396 Lauren Hollow"", ""city"": ""New Samanthaberg"", ""state"": ""TX"", ""zip"": ""46766""}"
154,Rachael,Martin,spencedonald@gmail.com,"{""street"": ""968 Jeffery Mills"", ""city"": ""North Janice"", ""state"": ""SC"", ""zip"": ""18910""}"
155,Scott,Morgan,gbraun@yahoo.com,"{""street"": ""499 Robinson Cliffs"", ""city"": ""Port Haroldview"", ""state"": ""AK"", ""zip"": ""67649""}"
156,James,Sanchez,traceyparker@anderson-harris.biz,"{""street"": ""5507 Danielle Parkways Apt. 740"", ""city"": ""North Anna"", ""state"": ""ND"", ""zip"": ""39834""}"
157,Victoria,Wagner,nashkurt@hotmail.com,"{""street"": ""46320 Jennifer Junction Apt. 836"", ""city"": ""New Lukeborough"", ""state"": ""DE"", ""zip"": ""42742""}"
158,Regina,Adams,tammy49@hotmail.com,"{""street"": ""3554 Cynthia Village Apt. 798"", ""city"": ""Youngtown"", ""state"": ""NV"", ""zip"": ""43089""}"
159,Jose,Holland,pjones@cox-nelson.com,"{""street"": ""432 Campos Mills"", ""city"": ""North Russellmouth"", ""state"": ""SD"", ""zip"": ""51122""}"
160,Stephen,Fisher,steeledaniel@hotmail.com,"{""street"": ""97737 Sanders Pike Apt. 490"", ""city"": ""East Sarah"", ""state"": ""NM"", ""zip"": ""49956""}"
161,Jessica,Jones,ijackson@cole-roberts.com,"{""street"": ""28542 Janet Shoals"", ""city"": ""Amandaville"", ""state"": ""AK"", ""zip"": ""61061""}"
162,Jenny,Schwartz,hollandjames@hotmail.com,"{""street"": ""5656 Ariana Light"", ""city"": ""South Aliciaborough"", ""state"": ""ND"", ""zip"": ""69057""}"
163,Jeffrey,Wheeler,dawn56@gmail.com,"{""street"": ""222 Michael Valleys Suite 833"", ""city"": ""West Kelly"", ""state"": ""MI"", ""zip"": ""29651""}"
164,Angie,Lee,kendra97@hotmail.com,"{""street"": ""41305 Sullivan Mill"", ""city"": ""Roachshire"", ""state"": ""MO"", ""zip"": ""69745""}"
165,Steven,Wilson,rlove@mendoza.com,"{""street"": ""80693 Pittman Forges"", ""city"": ""West Cassandramouth"", ""state"": ""NE"", ""zip"": ""71865""}"
166,Julie,Matthews,tsnow@hotmail.com,"{""street"": ""358 Cynthia Viaduct Apt. 628"", ""city"": ""New Shannon"", ""state"": ""RI"", ""zip"": ""44191""}"
167,Sara,Bennett,josephrodriguez@gmail.com,"{""street"": ""64896 Steven Extensions"", ""city"": ""Lake Melissa"", ""state"": ""WY"", ""zip"": ""68043""}"
168,Dustin,Nguyen,lcastillo@hotmail.com,"{""street"": ""0367 Veronica Orchard"", ""city"": ""Sanchezborough"", ""state"": ""ME"", ""zip"": ""87262""}"
169,Jessica,Moon,brenda40@yoder-ramirez.biz,"{""street"": ""1501 Tiffany Underpass Suite 496"", ""city"": ""West Meredithburgh"", ""state"": ""DE"", ""zip"": ""68775""}"
170,John,Johns,roneal@thomas.com,"{""street"": ""65684 Patricia Haven Apt. 682"", ""city"": ""Markchester"", ""state"": ""IL"", ""zip"": ""13762""}"
171,Ashley,Guerrero,ewells@hughes.biz,"{""street"": ""10950 Catherine Ford"", ""city"": ""Priceshire"", ""state"": ""LA"", ""zip"": ""34745""}"
172,Jacob,Hall,melissa64@yahoo.com,"{""street"": ""5117 Frank View"", ""city"": ""South Stephanie"", ""state"": ""MD"", ""zip"": ""75839""}"
173,Patrick,Edwards,pricelaura@hotmail.com,"{""street"": ""3143 David Station"", ""city"": ""West Christopher"", ""state"": ""DC"", ""zip"": ""25347""}"
174,Lisa,Hernandez,stacey79@ramos.org,"{""street"": ""78272 Mcdaniel Prairie"", ""city"": ""Port Mitchell"", ""state"": ""HI"", ""zip"": ""40736""}"
175,Tamara,Payne,allenmatthew@hotmail.com,"{""street"": ""23922 James Canyon"", ""city"": ""Davidview"", ""state"": ""OK"", ""zip"": ""55955""}"
176,Heidi,Allen,youngkayla@mcdonald.com,"{""street"": ""44315 Hanna Corners"", ""city"": ""Dianaborough"", ""state"": ""NH"", ""zip"": ""77881""}"
177,Laura,Greene,andrewgriffin@hotmail.com,"{""street"": ""33254 Scott Ford"", ""city"": ""Campbellland"", ""state"": ""WI"", ""zip"": ""85705""}"
178,Kristen,Allen,rbrown@robinson-reyes.com,"{""street"": ""0001 Anna Road Suite 224"", ""city"": ""Laurieborough"", ""state"": ""CA"", ""zip"": ""86822""}"
179,Judy,Chen,stephanie49@gmail.com,"{""street"": ""576 Scott Fort Suite 748"", ""city"": ""Kingborough"", ""state"": ""HI"", ""zip"": ""30603""}"
180,Jonathan,Peterson,angel36@hotmail.com,"{""street"": ""13675 Jacqueline Drives"", ""city"": ""Scottton"", ""state"": ""TX"", ""zip"": ""50975""}"
181,Kathy,Ramirez,jacksonsharon@hurley-davis.com,"{""street"": ""2204 Turner Key"", ""city"": ""Kelleyport"", ""state"": ""AK"", ""zip"": ""79811""}"
182,Tonya,White,jeffreyjohnson@preston.net,"{""street"": ""2442 Phillip Junctions Suite 052"", ""city"": ""Kellyport"", ""state"": ""KS"", ""zip"": ""72300""}"
183,Andrew,Jones,grimeskarina@hotmail.com,"{""street"": ""618 Amber Ramp Suite 661"", ""city"": ""North Rebeccashire"", ""state"": ""OH"", ""zip"": ""66124""}"
184,Melissa,Flores,sherryandrews@sutton.com,"{""street"": ""331 Richard Road Suite 528"", ""city"": ""South Dominiquebury"", ""state"": ""DC"", ""zip"": ""86930""}"
185,Devin,Lane,dorothybarnes@yahoo.com,"{""street"": ""96885 Michael Street"", ""city"": ""Amandatown"", ""state"": ""ND"", ""zip"": ""83894""}"
186,Troy,Chavez,coxlaura@yahoo.com,"{""street"": ""31052 Anthony Common Suite 855"", ""city"": ""Johnbury"", ""state"": ""IA"", ""zip"": ""08143""}"
187,Ryan,Morris,paulleon@yahoo.com,"{""street"": ""3032 Lisa Trace"", ""city"": ""New Eric"", ""state"": ""MI"", ""zip"": ""89114""}"
188,Jennifer,Bridges,cheryl93@hotmail.com,"{""street"": ""754 Gonzalez Camp Suite 937"", ""city"": ""Christinamouth"", ""state"": ""NC"", ""zip"": ""76790""}"
189,Gary,Walker,griffithnicholas@webb.com,"{""street"": ""70719 Grant Cliffs"", ""city"": ""Pattersonside"", ""state"": ""ID"", ""zip"": ""55819""}"
190,Jennifer,Rogers,mgilbert@davis.com,"{""street"": ""518 Pitts Well Apt. 770"", ""city"": ""Lake Angela"", ""state"": ""NY"", ""zip"": ""70153""}"
191,Shelley,Li,stoneangela@gmail.com,"{""street"": ""72344 Williams Radial"", ""city"": ""South Christopherville"", ""state"": ""KY"", ""zip"": ""58617""}"
192,Tamara,Fleming,escobarkelsey@gmail.com,"{""street"": ""47017 Brooks Path"", ""city"": ""Millertown"", ""state"": ""TX"", ""zip"": ""23763""}"
193,Michelle,Sims,kennethhoward@hotmail.com,"{""street"": ""713 Joshua Avenue"", ""city"": ""Nicholasstad"", ""state"": ""DE"", ""zip"": ""48639""}"
194,Jason,Rivera,roberto34@clark.com,"{""street"": ""7507 Robbins Circles"", ""city"": ""Parksmouth"", ""state"": ""PA"", ""zip"": ""70256""}"
195,Scott,Whitney,robinmeyers@davis-kramer.com,"{""street"": ""13614 Chase Parkways Apt. 390"", ""city"": ""Port Juliehaven"", ""state"": ""IL"", ""zip"": ""01537""}"
196,Matthew,Eaton,valerie62@johnson.com,"{""street"": ""766 Lopez Corners Apt. 765"", ""city"": ""Beniteztown"", ""state"": ""TN"", ""zip"": ""29799""}"
197,Emily,Williams,brewerharry@gmail.com,"{""street"": ""7229 Emily Station"", ""city"": ""New Jessica"", ""state"": ""TX"", ""zip"": ""50338""}"
198,Joseph,Morris,munozpaul@smith.com,"{""street"": ""6688 Mary Circles Suite 679"", ""city"": ""South George"", ""state"": ""AL"", ""zip"": ""24896""}"
199,Vanessa,Green,robertopreston@swanson.info,"{""street"": ""95735 Kirsten Causeway Suite 270"", ""city"": ""Hartmanland"", ""state"": ""AL"", ""zip"": ""28230""}"
200,Stephanie,Brown,nburke@yahoo.com,"{""street"": ""379 Devin Hollow Suite 002"", ""city"": ""Andrewfurt"", ""state"": ""KY"", ""zip"": ""74139""}"
