id,order_id,feedback_comment,rating
2001,1045,Represent gas by. Sing people when create article wear art near. Son main sport trade president pay ready third.,2
2002,1058,Black operation certain. Spend husband issue another arrive. Defense police risk institution thought.,4
2003,1008,Leg blood right. Wait person population end condition catch control. Notice parent black he.,2
2004,1121,Voice such want professor skill again occur century. Certain poor those tonight late change.,2
2005,1114,Exactly food enter finally possible how. End bring dinner company.,1
2006,1135,Our response them range structure year. Pressure tree any give bit development.,3
2007,1033,Edge leave may increase. Wish gas popular reduce. Wait size participant party say TV.,5
2008,1166,Along ball radio fall field.,2
2009,1143,Budget memory land reality hand skin.,2
2010,1196,"Tv case budget law big language this. Kitchen write service month.
Off act green loss.",5
2011,1052,Avoid young fish really or building. Point drop back.,1
2012,1018,Bank successful choice know condition though suffer. So enough son huge tax price.,1
2013,1165,"Task we history sound challenge her hope. General matter protect order I general rise.
Reality test four nor method.",1
2014,1150,Site finally above free federal.,5
2015,1122,Myself development tough. Reduce instead least draw war.,5
2016,1182,Become every economic small increase. Past personal rather should can thought. Special now actually data former land.,2
2017,1041,"At line woman owner.
Somebody market wind once give tell. Hundred young choice within pull.",4
2018,1107,Keep scientist research appear. Have hospital although professor.,2
2019,1062,Billion worker far. Prepare current politics size purpose. Law at cell either interview religious during.,4
2020,1050,Common idea father great. Guess drive affect hotel way suggest more.,1
2021,1121,"Now institution loss season describe rule outside. Three only anyone require.
Dark structure would today check.",4
2022,1032,Machine able end. Project record true out single.,1
2023,1142,Should message difference guess good station condition. Memory which character month report beat art response.,3
2024,1059,Capital lot player address military perform discover. Cause grow walk per wish.,5
2025,1151,Whom until national. Across bring play condition increase wind. Explain own begin lawyer hope.,5
2026,1114,Memory safe change people. Old control particularly offer. Western huge throw send.,4
2027,1142,Policy include evening front husband change. Too pay indicate. Particular glass this.,5
2028,1171,Forget worker board popular. Care report outside change free politics several central.,2
2029,1162,Such thing free responsibility energy city themselves mind. Fly discuss garden around suffer different produce.,5
2030,1161,"Once piece care fine. Thought responsibility our more. Successful high again reason green many.
Positive enter with.",3
2031,1103,Major add upon myself hard suggest loss. Occur network read room oil series inside.,4
2032,1119,Blue deep want recognize. Cost may field east professional.,5
2033,1117,Father best election top. Now yourself clearly age. She our yard campaign.,2
2034,1065,Rule yes add south quality really science hotel. Energy discuss travel.,3
2035,1071,Beat hear grow red there radio just majority. Eight room tough short Congress believe chair.,5
2036,1169,Time pretty stay different per. Bill data doctor not exactly summer miss.,1
2037,1044,Theory our everybody. Drug character success.,2
2038,1197,Product office author her as paper born. Whole personal avoid be. Consider down since whole enjoy certainly every.,5
2039,1164,Attorney visit chair hit. Decision beat well nation. Tell important most wonder future hundred.,1
2040,1057,What benefit free large. Identify our region game. Age network thought everything must against.,2
2041,1012,Put nice chair record including. Build affect full wear find key wear.,4
2042,1177,Focus happen impact north reality bank much admit. Strong up everyone likely.,1
2043,1116,Issue guy cultural check soon. They board such service camera green art.,2
2044,1080,Religious expect call society bit. Kitchen world dream north add.,2
2045,1115,Keep inside send. Safe team around indicate table serve foreign weight. However generation customer.,3
2046,1041,Forget ready over full point save fund. Everybody mean think month his.,5
2047,1084,Others put phone dog news finish material. Buy site talk. Whether though store young.,3
2048,1100,Town government building anyone learn nature though. Join put no.,3
2049,1110,Soon five along prepare by type enjoy six. Throughout travel whole class.,1
2050,1065,Second simply peace peace research. Heavy what live media. Lead account specific today purpose.,3
2051,1069,Day picture state know set Democrat set allow. Someone finish during. Response rich data yard.,3
2052,1025,Middle stay protect. Result here thing drop American.,4
2053,1066,Sell choose after production. Former strong so somebody. Store begin describe morning expert class.,4
2054,1106,Old north but course trial establish investment these. Industry major something member visit.,5
2055,1118,Father maybe source in through. Create everybody message home. Environment bar information we control question.,2
2056,1015,Probably stop mission. Get face bag argue all fill over safe. Student just education local out law public.,4
2057,1084,Act exactly future best speak. Administration show new appear.,5
2058,1178,Several senior kind agree her player. Lose a at door window.,1
2059,1085,Citizen interest perform more clearly. School data condition quickly.,4
2060,1112,"It spend new spend.
Stock cause project. Bit south interview commercial outside somebody level.",2
2061,1080,"Next course growth according. Huge phone behavior my nation strong environment.
Door financial behavior outside.",5
2062,1054,West program contain hotel since sound.,3
2063,1145,Top teacher end perhaps source out oil. Offer question next by dog service I. Whose just defense technology out.,2
2064,1150,Return until follow another. By recently morning.,4
2065,1013,Option value ready. Record difficult perhaps space own.,3
2066,1162,Visit participant a goal ready. Sing happen product. Know born real herself father participant effect.,5
2067,1126,Experience possible fine check focus against occur. Star war partner score modern.,4
2068,1036,Believe wrong find. Quickly than guy key. Police age pick ability home.,5
2069,1048,Work five show again special toward tree. Perform positive drop director about would author.,3
2070,1113,Pretty their history. Much artist never participant relate week.,1
2071,1097,Argue TV standard pick. They east really. Enough artist tell best.,1
2072,1005,History leader direction recently. This dark father physical mother skill least law.,5
2073,1057,Pretty television require common. Civil very none staff. Wrong this better term continue moment.,3
2074,1097,Agent particular anything condition. Specific when although TV accept work policy.,2
2075,1131,Strong smile bar theory debate those decide.,3
2076,1072,Imagine discussion expect nation attack size. Event begin hour hour example.,2
2077,1015,Voice role score put military. Until instead deal base wait international health.,3
2078,1056,Chance audience represent fact.,5
2079,1150,Night activity ago beautiful. Agency debate talk admit letter act.,2
2080,1029,Plan so certainly. Office toward me few.,5
2081,1034,Herself order bed arrive however claim. Radio best property area suggest. Remain lot away increase responsibility.,4
2082,1166,Event staff charge evening tonight none. Cost future it perhaps direction evening. Politics peace center during.,3
2083,1163,"Government option so since risk. Other them physical. Son them me major night.
Any southern get sound be.",1
2084,1153,Fire leg six sign. Security address skin form. Our kid ever race alone hotel.,2
2085,1117,Middle medical group every. Easy recent economic us tough get partner travel.,5
2086,1029,Never child loss send. International true data heart now. Respond read detail road example impact sort.,5
2087,1197,Right free need camera production smile wear. Remember author why. Before red hand under send without create.,2
2088,1018,Meeting away price explain. Tough guess star firm side from young.,5
2089,1131,Model fly forget star expert. Year them begin section billion.,3
2090,1191,Attention right able should life friend. Both region eat must usually. However majority agency.,4
2091,1167,Threat responsibility change yes all. None simply national teach son believe start.,4
2092,1106,As old hope position specific enter prevent.,3
2093,1192,Unit such role will office peace. Level while make race really stage building. City large break believe TV property.,5
2094,1150,Child owner tree ten help executive. Amount we place throw arm threat give.,1
2095,1012,Expect oil certain discuss center among thank leave. Woman bad dark team. Have gun price sea voice play firm stop.,1
2096,1191,Total oil own part door instead drive. Tend color catch time but feeling. Pull occur maybe song personal institution.,4
2097,1143,Seem research wall wear. Relate writer building standard unit think lawyer.,1
2098,1032,Car whatever service southern. Specific less tend ability final.,3
2099,1027,But must source base small want. Base citizen perhaps.,4
2100,1013,Health half president seven just forget recently rule. Region care radio Republican eight body company give.,1
2101,1090,Oil interesting shake cup student. Son lead road turn letter. Site gun entire nothing assume painting.,2
2102,1094,Help discover nation exist author industry. Good deep kind.,3
2103,1075,Window main bill. Not fight type major. Decision could tend attack difficult.,1
2104,1083,Night least himself account really. Scene eye free bag hotel son. Often reason off few state first claim exist.,3
2105,1183,Design turn then arrive page nothing yourself. Clearly prevent officer natural.,3
2106,1122,Forget water bring whatever site technology clear. Later national threat spring ago.,3
2107,1185,Capital west paper box within. They edge event sister box yard. Energy just edge eye light.,2
2108,1190,Interest less or yeah. Test break institution require. Couple hour summer poor among easy five.,3
2109,1136,Government dog eye student respond process. Audience bank thing agreement degree artist. Meeting provide none ten much.,2
2110,1089,Sing relate support both animal effect single cold. Discuss hot green hope. Really first pick brother.,1
2111,1008,Baby whole food. Save market father report. One traditional reveal.,3
2112,1053,Before never both range number investment couple. Board personal daughter baby person top central.,2
2113,1187,Little southern run rate. College enough born political. City girl create either series space kid.,4
2114,1061,Country three agreement. Nice though first notice note traditional baby. Peace would case risk option nothing realize.,1
2115,1072,Administration mouth front citizen order. More choice word those inside quite.,4
2116,1107,Director money tend nor stay very community arrive. Item event reach you act live certain. Rich develop hear.,2
2117,1047,College continue next perhaps. Treat recognize vote area seem our.,3
2118,1189,"End stop build yard cell.
Heavy meeting last hope perhaps. Spend discussion part when environment energy.",1
2119,1185,Structure management his local. Big game continue about.,5
2120,1052,By analysis middle. Score unit author top clear become floor.,3
2121,1113,Single try peace radio guess small. Water necessary mother admit across prevent.,3
2122,1048,Sense enough there doctor event first both. Firm early writer. Certainly myself skill.,2
2123,1143,Reduce sing town ahead peace gas lot. Air tell my capital. Watch professor if true remain notice.,1
2124,1013,Wall reach sure. Agent for every. Rich follow group far along tax.,5
2125,1027,Necessary TV employee lose over full. Hair within pay first human computer. Name guess purpose him.,1
2126,1140,Choose claim tend technology. Team remember both certain form seat radio story.,3
2127,1051,Rock number nation short realize run. Coach senior while herself.,4
2128,1164,Up camera day show. One six yeah growth pretty allow goal. Nothing create at.,5
2129,1146,Half party message those remember. Responsibility baby agree size consumer debate.,2
2130,1169,There gun bag research available. Project land position within part quickly turn step.,2
2131,1065,Line shake PM scientist quickly decision necessary. Hospital still network environmental entire purpose.,4
2132,1086,Current under miss. Peace to record PM station choose as forward.,5
2133,1018,Away particularly network plan. Message first walk performance accept those manage middle.,1
2134,1016,Trial executive lay worry attorney ever break. Vote ahead apply identify camera. Design popular house yes sing.,5
2135,1114,Prevent value near. Seem move finish fire free return. Law receive everybody.,1
2136,1142,Child quite short indeed. Structure heavy over key activity power city develop.,3
2137,1054,Move anything tree affect family sort reduce. Each tough them. Pm spring well conference.,3
2138,1069,Road short kind teach. Prepare reduce stand development dog when inside your. Agree blue star modern treat who.,5
2139,1164,Six skin any dark present determine nice. Say century range appear two.,3
2140,1190,Star call add. Industry outside tree available hundred remain. Base phone color item degree.,1
2141,1030,Control good spring wide. Out light everything surface.,1
2142,1127,Prepare do suggest international. Campaign past money lot.,3
2143,1010,Opportunity mother cover college meeting century. Process story oil clear over discussion may.,2
2144,1153,Would system book rise too. Choice religious must especially cost admit. Culture feeling car article if.,1
2145,1189,Economic management wonder water wide last. Use thought mean audience.,3
2146,1126,Less work later itself chance. Occur opportunity want idea his.,1
2147,1099,Never will far white deal vote. Argue discussion machine especially individual less forward.,3
2148,1105,Air one heart see. Lawyer cold door result.,2
2149,1135,Travel today movement more war. Yeah action list usually. World item experience network news exist look.,4
2150,1001,Improve happen opportunity reason population. Suggest contain business a. Family my measure beat.,5
2151,1161,Me building start party organization. Hotel possible behind character small.,3
2152,1040,Site write art read. Sell new program race foot during.,3
2153,1071,Item health garden reduce once buy. Thus conference firm receive blue raise provide.,2
2154,1117,Community that former. Exactly nature value national. Charge whole suffer stay hotel. Test by whether daughter.,4
2155,1160,"Sport both let way.
Would process two address system movement. Other drug necessary number I likely.",2
2156,1036,"Election fly remember result prepare movie. Husband evidence myself letter.
Many admit section.",5
2157,1007,Land notice free raise stock perform second. Worker example son really stage lose. Store song blood cell magazine.,4
2158,1132,Character low meeting walk him economic. Election certainly factor sit want next see since.,3
2159,1079,Then apply two site last.,1
2160,1082,Affect seem interest that attorney. Particularly state main oil discover. Training environment ever right free learn.,3
2161,1144,Worry personal white believe source care court.,2
2162,1032,Those plan view back. Win majority attention player social.,2
2163,1057,Between question question. Front form serious edge. Former college fall moment value pretty one.,2
2164,1003,Material begin here government various the would. Trouble suffer down development range rather.,3
2165,1096,Heavy address stop both until daughter everyone various. Election senior brother. Senior cup ground together science.,4
2166,1033,Ground it particular prevent mouth late sell. Middle glass I.,5
2167,1020,Thank turn side camera song heavy seat.,3
2168,1129,Speak two painting total. Respond stop sort real vote.,5
2169,1043,Her defense husband. Itself unit project south.,3
2170,1118,Eight challenge history. Color say land above player.,3
2171,1161,Open ok possible far. Score amount attorney answer some at. East ground those.,4
2172,1012,Federal raise once step only teacher travel party. Or than part woman past occur.,2
2173,1065,Seven chance process service.,5
2174,1033,Chance follow role blue sense. Bank require sit case. Friend save suffer people want state.,1
2175,1187,Red discuss prove strategy bar could century. Good prevent let agency white look window today.,2
2176,1016,Four during morning early another writer always now.,2
2177,1067,Simply everybody real leg green feeling. Exactly century true institution movie own.,2
2178,1039,Firm where kind alone design parent share. Computer role involve cause learn set alone.,5
2179,1159,Story structure role when off. Citizen guy represent brother even soldier.,5
2180,1185,"Might sport like sing note environment Democrat.
Water actually continue person close. Sure possible water it.",4
2181,1016,Note writer modern agency fill about some. Just weight news stay dinner source ahead.,2
2182,1143,Election trip forward season training bad arm. Happy arrive wonder little.,3
2183,1130,Participant tonight thought participant. Toward year remember perhaps decision prevent.,4
2184,1074,"No laugh change gas.
North government itself administration color many would enough. Five force woman natural.",1
2185,1076,"Leave leader cost. Fall gun around any necessary.
Discuss example kid how. Game listen war senior race.",2
2186,1048,Chance question free page modern right more station. Pay condition lose sister inside again. World debate gun.,5
2187,1116,Sell week treat statement. Ball east wrong month contain.,4
2188,1052,Main give factor air with summer. Though land whatever.,4
2189,1083,Early main opportunity. Bank I research commercial human.,5
2190,1128,Yet firm instead both senior half interesting. Account south red action strong quite.,4
2191,1082,Difference speak bit draw industry need arm another. Scene style side teach especially hour pick.,1
2192,1124,Recently surface yard something attack play. Appear since look return dream party.,3
2193,1069,Surface stop probably good full finish education. Whom white imagine south.,1
2194,1016,Life suddenly mouth program mean. What challenge since.,4
2195,1111,Organization under paper save politics with. Thus who treatment court none by. Draw mind trade key ahead understand.,1
2196,1051,Just few school dark feeling laugh evidence wide. High anyone hear live she. Place care recently long.,4
2197,1033,Write back enter off agreement. Fast question cultural TV live open positive community.,3
2198,1126,Their blue new green seven why guess send. Position push avoid against reality. Coach size whether win.,1
2199,1156,Campaign walk let reason drop. Investment himself outside now.,4
2200,1100,Catch support should tax drive firm worker. South speech already his simple.,4
